{
  "project_info": {
    "project_number": "297694867613",
    "project_id": "my-uber-350d7",
    "storage_bucket": "my-uber-350d7.appspot.com"
  },
  "client": [
    {
      "client_info": {
        "mobilesdk_app_id": "1:297694867613:android:974ee4d0662e48f42fe474",
        "android_client_info": {
          "package_name": "ke.ac.tukenya.scit.seedclient"
        }
      },
      "oauth_client": [
        {
          "client_id": "297694867613-5hignir4e3fb0aclpfqufes0jrtsolhi.apps.googleusercontent.com",
          "client_type": 1,
          "android_info": {
            "package_name": "ke.ac.tukenya.scit.seedclient",
            "certificate_hash": "3bd0c61c7b1f74632bc4183e56b4d1b8a6889884"
          }
        },
        {
          "client_id": "297694867613-jj3stdtc1adj36nkmrf4igj99gnj3kdb.apps.googleusercontent.com",
          "client_type": 3
        }
      ],
      "api_key": [
        {
          "current_key": "AIzaSyA1QvCZI5lOw7Wuplu79oU7Fn8JCKfweM4"
        }
      ],
      "services": {
        "appinvite_service": {
          "other_platform_oauth_client": [
            {
              "client_id": "297694867613-jj3stdtc1adj36nkmrf4igj99gnj3kdb.apps.googleusercontent.com",
              "client_type": 3
            }
          ]
        }
      }
    }
  ],
  "configuration_version": "1"
}